cluster_ID,files,title,description
0,BlockTermState.java,unknown,"This code defines a class called `BlockTermState` that extends `OrdTermState`. It contains several fields, including `docFreq`, `totalTermFreq`, `termBlockOrd`, and `blockFilePointer`, which are used to store information about a term in a Lucene index. The `copyFrom` method is used to copy the state from another `BlockTermState` object, and the `toString` method is overridden to provide a string representation of the state."
1,BlockTermsReader.java; BlockTermsWriter.java; BlockTreeOrdsPostingsFormat.java; FSTPostingsFormat.java; FSTTermsReader.java; FSTTermsWriter.java; FixedGapTermsIndexReader.java; FixedGapTermsIndexWriter.java; OrdsBlockTreeTermsReader.java; OrdsBlockTreeTermsWriter.java; OrdsFieldReader.java; OrdsIntersectTermsEnum.java; OrdsIntersectTermsEnumFrame.java; OrdsSegmentTermsEnum.java; OrdsSegmentTermsEnumFrame.java; TermsIndexWriterBase.java; VariableGapTermsIndexReader.java; VariableGapTermsIndexWriter.java,unknown,"This code provides a terms index writer for Lucene, which is used to index terms and their associated metadata for efficient searching. It uses an FST (Finite State Transducer) to store the index terms in a prefix trie, and provides a pluggable policy for selecting index terms. The index terms are sorted using unsigned byte term sort order, which is equivalent to unicode codepoint order when the bytes are UTF8. The code also includes a terms dictionary reader, which reads the terms dictionary from a file and populates a TreeMap, where the keys are field names and the values are TermsReader objects. Each TermsReader object represents a field and contains information about the number of terms, total term frequency, document frequency, and document count for the field. The code also provides a custom implementation of the PostingsFormat class for Lucene, which uses the OrdsBlockTreeTermsWriter and Lucene90PostingsWriter classes to write and read postings data for Lucene indexes."
2,BloomFilterFactory.java; BloomFilteringPostingsFormat.java; DefaultBloomFilterFactory.java; DirectPostingsFormat.java; SimpleTextFieldsReader.java; SimpleTextFieldsWriter.java; SimpleTextPostingsFormat.java; SimpleTextSkipReader.java; SimpleTextSkipWriter.java,unknown,"This code is used for writing skip data in a plain text format for efficient navigation within a block of data. It uses the SimpleTextUtil class for writing text data to an output stream and the CompetitiveImpactAccumulator class for accumulating competitive frequency and normalization pairs. The SimpleTextSkipWriter class extends the MultiLevelSkipListWriter class and overrides its methods to provide custom functionality for writing skip data in a plain text format. The writeSkipData method is used for writing skip data for a specific level, and the resetSkip method is used for resetting the skip data. The writeSkip method is used for writing the skip list to an output stream, and the bufferSkip method is used for buffering skip data. The writeLevelLength and writeChildPointer methods are used for writing the level length and child pointer to the skip buffer. Overall, this code provides functionality for efficiently writing skip data in a plain text format for efficient navigation within a block of data."
3,Codec.java,unknown,"The ""Codec"" class is used to encode and decode inverted index segments. It provides methods for encoding and decoding postings, docvalues, stored fields, term vectors, field infos, segment info, document normalization values, live docs, compound files, points index, and numeric vector fields. It also includes methods for looking up a codec by name, getting a list of all available codec names, reloading the codec list from a given classloader, and setting the default codec used for newly created IndexWriterConfig objects. The code uses Java's Service Provider Interface (SPI) to resolve codec names and provides a default codec for newly created IndexWriterConfig objects."
4,CodecUtil.java,unknown,"The provided code is a utility class for reading and writing versioned headers. It contains methods for writing and reading codec headers and footers, as well as methods for computing the length of headers and footers. The code also includes constants for identifying the start of a codec header and footer. The code provides functionality for writing and reading codec headers and footers, which are used to identify the format of a file and to ensure that the file is in the correct format. The headers and footers include a magic number, a string to identify the file, and a version number. The code also includes methods for computing the length of headers and footers based on the codec name and suffix. The code also includes methods for reading and validating headers and footers, which can be used to ensure that a file is in the expected format and that its version number is within a specified range. The code also includes methods for reading and verifying the object ID and suffix of an index header. The code also includes methods for writing and reading the checksum of a file, which can be used to verify the integrity of the file. The code includes methods for computing the length of a codec footer."
5,CompetitiveImpactAccumulator.java,unknown,"This code implements a data structure to store and manage competitive (freq, norm) pairs for a given set of data. The data structure is designed to efficiently store and retrieve pairs based on their frequency and norm values. The class `CompetitiveImpactAccumulator` has the following key functionality: - It maintains an array `maxFreqs` to store the maximum frequency observed for each norm value in the range -128 to 127. - It also maintains a `TreeSet` `otherFreqNormPairs` to store competitive (freq, norm) pairs for norm values outside the range -128 to 127. - The `add` method is used to add a new (freq, norm) pair to the data structure, updating the internal structures if necessary. - The `addAll` method is used to merge another `CompetitiveImpactAccumulator` object into the current one. - The `getCompetitiveFreqNormPairs` method returns a collection of competitive (freq, norm) pairs, ordered by increasing frequency and norm. The code also includes assertions to ensure the internal consistency of the data structure. Overall, this code provides a efficient and effective way to manage competitive (freq, norm) pairs for a given set of data."
6,CompoundDirectory.java,unknown,"The provided code is a Java class that extends the Directory class and implements a read-only directory that consists of a view over a compound file. It includes methods for checking the integrity of the directory, as well as methods for creating output and temporary output files, syncing metadata, and obtaining locks. The class also includes a constructor and several abstract methods that need to be implemented by subclasses. The code also includes a number of unsupported operations, such as deleting and renaming files, which throw UnsupportedOperationException. Overall, the code provides a read-only view over a compound file, with methods for checking the integrity of the directory and creating output and temporary output files. However, it does not support certain operations that are typically supported by Directory implementations, such as deleting and renaming files."
7,CompoundFormat.java,unknown,"This code is part of the Lucene library and provides functionality for encoding and decoding compound files. It includes an abstract class called CompoundFormat with methods for reading and writing compound files. The code also includes utility methods and classes from the Lucene library. The code is marked as experimental, indicating that it may undergo changes in future releases."
8,DocValuesConsumer.java,Method to Check if Integer Value is Equal to 1,"The provided code is a method that checks if a given integer value is equal to 1. The method takes an integer parameter called ""docToValueCount"" and returns a boolean value indicating whether the parameter is equal to 1. The method does not use any external dependencies or libraries and is written in Java."
9,DocValuesFormat.java,unknown,"The `DocValuesFormat` class is used to encode and decode per-document values in the `org.apache.lucene.codecs` package. It implements the `NamedSPILoader.NamedSPI` interface and provides two abstract methods: `fieldsConsumer` and `fieldsProducer`. The `fieldsConsumer` method returns a `DocValuesConsumer` object that can be used to write docvalues to the index, while the `fieldsProducer` method returns a `DocValuesProducer` object that can be used to read docvalues from the index. The class also provides several utility methods: `forName`, `availableDocValuesFormats`, and `reloadDocValuesFormats`. The `forName` method looks up a format by name and returns the corresponding `DocValuesFormat` object. The `availableDocValuesFormats` method returns a set of all available format names, and the `reloadDocValuesFormats` method reloads the DocValues format list from the given `ClassLoader`. The class uses Java's SPI (Service Provider Interface) mechanism to resolve format names. This means that any class that extends `DocValuesFormat` and has a no-arg constructor can be registered with SPI and will be available for use."
10,DocValuesProducer.java,unknown,"The `DocValuesProducer` class is an abstract class that implements the `Closeable` interface. It provides methods for retrieving different types of docvalues, such as numeric, binary, sorted, sortedset, and sortednumeric. The class also includes a method for checking the integrity of the producer and an optional method for getting an instance optimized for merging."
11,FSTOrdsOutputs.java,unknown,"The provided code is a custom implementation of an FST Outputs class that stores block data (BytesRef), long ordStart, and long numTerms. It provides methods for common, subtract, add, write, read, and skip operations on the custom Output class. The Output class represents a range of ord values associated with a BytesRef. The common method returns the common prefix of two Outputs, the subtract method removes a prefix from an Output, the add method concatenates two Outputs, the write method writes an Output to a DataOutput, the read method reads an Output from a DataInput, and the skipOutput and skipFinalOutput methods skip over an Output in a DataInput. The newOutput method creates a new Output instance, and the ramBytesUsed method returns the RAM bytes used by an Output."
12,FSTTermOutputs.java,unknown,"This code implements an FST (Finite State Transducer) Outputs class for the FSTTermsWriter. The FSTTermOutputs class handles the metadata for each term in the FST. The TermData class represents the metadata for one term and implements the Accountable interface to estimate the memory usage of the TermData object. The FSTTermOutputs class overrides several methods from the Outputs class, including common, subtract, add, write, read, skipOutput, getNoOutput, and outputToString. The common method compares two TermData objects and returns the smaller one, while the subtract method subtracts one TermData object from another. The add method adds two TermData objects and returns the result. The write method writes the TermData object to a DataOutput stream, and the read method reads a TermData object from a DataInput stream. The skipOutput method skips over the TermData object in a DataInput stream. The getNoOutput method returns the NO_OUTPUT object, and the outputToString method converts a TermData object to a string representation. The statsEqual and bytesEqual methods are used to compare the docFreq and totalTermFreq values, as well as the bytes array, of two TermData objects."
13,FieldInfosFormat.java,unknown,"The abstract class FieldInfosFormat in the Lucene library is used to encode and decode FieldInfos. It has two abstract methods: read and write. The read method takes in a Directory, SegmentInfo, segmentSuffix, and IOContext, and returns a FieldInfos object. The write method takes in a Directory, SegmentInfo, segmentSuffix, FieldInfos, and IOContext, and writes the FieldInfos to the directory. The class also has a protected constructor, which means that it can only be instantiated by subclasses. The class is marked as experimental, meaning that it may undergo changes or be removed in future versions."
14,FieldsConsumer.java,unknown,"The FieldsConsumer class is an abstract class in the Lucene library that defines the functionality for consuming terms, doc, freq, prox, offset, and payloads postings. It is designed to be extended by concrete implementations that handle the actual processing of the postings. The class implements the Closeable interface, providing a close() method for closing resources. The write() method is used to write all fields, terms, and postings, while the merge() method is used to merge fields from multiple readers. The code is marked as experimental, indicating that it is still under development and may be subject to changes or improvements."
15,FieldsProducer.java,Postingsproducer Abstract Class,"Abstract class PostingsProducer extends Fields and implements the Closeable interface. It is used to produce terms, doc, freq, prox, offset, and payloads postings. The sole constructor is protected and an abstract close() method that throws an IOException. The checkIntegrity() method is used to check the consistency of the reader and the getMergeInstance() method returns an instance optimized for merging."
16,FuzzySet.java; MurmurHash2.java,unknown,"The provided code implements a class called ""FuzzySet"" that represents a set of values using a BitSet. It provides methods to add values to the set, check if a value is contained in the set, serialize the set to a data output stream, deserialize the set from a data input stream, downsize the set to a smaller size, and estimate the number of unique values in the set. The class also implements the Accountable interface to provide information about the memory usage of the set. The code uses a HashFunction to hash the values and store them in the BitSet. It provides methods to create a set based on the maximum number of bytes or the desired saturation level. The downsize method creates a smaller set based on the desired saturation level. The getEstimatedUniqueValues method estimates the number of unique values in the set based on the set size and the number of set bits. The getSaturation method returns the saturation level of the set, which is the ratio of the number of set bits to the set size. The code is not thread-safe."
17,HashFunction.java,unknown,This code defines an abstract class `HashFunction` that provides a method `hash` for hashing the contents of a `BytesRef` object. Subclasses are expected to implement the `hash` method and return the hash of the bytes referenced by the `BytesRef` object. The class is part of the `org.apache.lucene.codecs.bloom` package and is marked as experimental.
18,KnnVectorsFormat.java,unknown,"The `KnnVectorsFormat` class is an abstract class that implements a format for encoding and decoding per-document vectors and associated indexing structures required for nearest-neighbor search. It provides methods for writing and reading vectors, as well as searching for nearest neighbors. It also includes a `NamedSPI` interface for loading formats by name. The `KnnVectorsFormat` class has two abstract methods: `fieldsWriter` and `fieldsReader`. The `fieldsWriter` method returns a `KnnVectorsWriter` object that can be used to write vectors to an index, while the `fieldsReader` method returns a `KnnVectorsReader` object that can be used to read vectors from an index. The class also includes a static `EMPTY` format that throws an exception when attempting to write vectors. This is used as a sentinel value to indicate that a codec does not support vectors. Overall, this code provides a framework for implementing nearest-neighbor search functionality in a Lucene index using custom vector formats."
19,KnnVectorsReader.java,unknown,"The KnnVectorsReader class is used to read vectors from an index. It implements the Closeable and Accountable interfaces. The class has a constructor, a method to check the consistency of the reader, a method to get the VectorValues for a given field, and a method to perform a k-nearest neighbor search. The search method takes a field name, a target vector, the number of nearest neighbors to return, and an optional Bits object to filter the search results. The getMergeInstance method returns an optimized instance for merging."
20,KnnVectorsWriter.java,Merge Vector Values from Multiple Segments for All Fields in Lucene Library,"Components and Interactions: - The main functionality of this code is to merge vector values from multiple segments for all fields. - It provides a way to write all values contained in the provided reader and finish the writing process. - The merge process involves iterating over the sub vectors, mapping the resulting docids using docMaps in the mergeState. Quality Attributes: - Scalability: The code is designed to handle merging vector values from multiple segments efficiently. - Security: The code does not include any security-related functionality. - Maintainability: The code is well-documented and follows best practices for maintainability. Technology Used: - The code is a part of the Lucene library, which is a high-performance, full-featured text search engine library written entirely in Java. - The code uses Java programming language and adheres to the conventions and standards of the Lucene library."
21,LiveDocsFormat.java,unknown,"The `LiveDocsFormat` class in the Lucene library is used to handle live/deleted documents in a Lucene index. It provides methods for reading and writing live documents, as well as recording the files in use by a segment commit info. The class is marked as `experimental`, which means it is still under development and may change in future releases."
22,Lucene90BlockTreeTermsWriter.java,unknown,"This module is responsible for creating a summary of a software component's architecture and behavior. The summary includes information about the components and their interactions, as well as any non-functional requirements achieved by the architecture. The module also identifies the technology used in the implementation. The summary is designed to provide a high-level overview of the component's behavior and architecture, and should be kept under 150 words."
23,Lucene90PostingsReader.java,unknown,"The code is part of a Lucene index implementation. It provides functionality for advancing to the next document and retrieving its frequency, position, and payload. The code uses buffers to store documents, frequencies, positions, payloads, and offsets. It also uses a skipper to efficiently navigate through the index. The code is optimized for performance and memory usage."
24,Lucene90PostingsWriter.java,PostingsWriterBase Class,"This code is a concrete class that writes docId(maybe frq,pos,offset,payloads) list with postings format. It also has the functionality to skip setting and postings layout."
25,MultiLevelSkipListReader.java,unknown,"This code implements a skip list with multiple levels, used to efficiently navigate through a large number of documents in an index. It provides methods for reading and writing skip data, as well as seeking to a specific document in the index. The class is abstract and requires subclasses to implement the readSkipData method, which defines the format of the skip data. It also includes a SkipBuffer class, which buffers the top skip levels in memory to improve performance. The class uses a number of arrays to store skip data for each level, as well as variables to store the number of skip levels, skip intervals, and the number of documents skipped per level."
26,MultiLevelSkipListWriter.java,unknown,"The provided code is an implementation of a multi-level skip list writer for Lucene. It allows for the creation of skip lists with multiple levels, where each level contains every skipInterval-th entry from the previous level. The skip lists are used to efficiently navigate through large posting lists in Lucene. The MultiLevelSkipListWriter class is an abstract class that defines the interface for writing skip lists with multiple levels. The constructor of the MultiLevelSkipListWriter class takes the skipInterval, skipMultiplier, maxSkipLevels, and df as parameters, and calculates the maximum number of skip levels based on the document frequency. The init() method allocates internal skip buffers. The resetSkip() method creates new buffers or empties the existing ones. The writeSkipData() method is an abstract method that must be implemented by subclasses to define the actual format of the skip data. The bufferSkip() method buffers the skip data for the current document frequency. The writeSkip() method writes the buffered skip lists to the given output. The writeLevelLength() method writes the length of a level to the given output. The writeChildPointer() method writes the child pointer of a block to the given output. The code is part of the Lucene project and is licensed under the Apache License, Version 2.0."
27,MutablePointValues.java,unknown,"The MutablePointValues class is an internal class used by codecs to optimize flush operations. It extends the PointValues class and provides abstract methods to manipulate the order of points. The class includes methods to get the packed bytes of a value, get a specific byte of a value, get the doc ID of a value, swap two values, save a value to temporary storage, and restore values from temporary storage. These methods allow codecs to efficiently manipulate the order of points and optimize flush operations."
28,NormsConsumer.java,unknown,This code defines an abstract class NormsConsumer that implements the Closeable interface. It provides methods for writing normalization values for a field and merging fields from multiple readers. The addNormsField method takes a FieldInfo object and a NormsProducer object as parameters and writes the normalization values for the field. The merge method takes a MergeState object as a parameter and merges the fields from the readers in the MergeState object. The mergeNormsField method takes a FieldInfo object and a MergeState object as parameters and merges the norms from the readers in the MergeState object. The code also includes imports for various classes and interfaces from the Lucene library.
29,NormsFormat.java,unknown,"used in search applications and provides powerful indexing and search capabilities. Overall, the code provides a framework for encoding and decoding norms in the Lucene index, allowing for efficient storage and retrieval of normalization values for documents."
30,NormsProducer.java,unknown,The NormsProducer class is an abstract class that implements the Closeable interface and is used to produce field normalization values. It is part of the Lucene library and is marked as experimental and internal. It has a single constructor called by subclasses and an abstract method getNorms() that returns NumericDocValues for a given field. The class also has a method checkIntegrity() that checks the consistency of the producer and a method getMergeInstance() that returns an instance optimized for merging.
31,PointsFormat.java,unknown,"The provided code is a Java class that represents a Lucene PointsFormat. It is used to encode and decode indexed points. The PointsFormat class has two abstract methods: fieldsWriter and fieldsReader. The fieldsWriter method is responsible for writing a new segment, while the fieldsReader method is used to read a segment. The class also includes a static field called EMPTY, which is a PointsFormat that has nothing indexed. The PointsWriter and PointsReader classes are used to write and read points, respectively. The PointsReader class has a method called getValues, which returns a PointValues object for a given field. The PointValues object provides access to the indexed points for the specified field. The code also includes a SegmentReadState and SegmentWriteState class, which are used to manage the state of the segment being read or written. The SegmentReadState class is used to read a segment, while the SegmentWriteState class is used to write a segment. Overall, the code provides a framework for encoding and decoding indexed points in a Lucene segment."
32,PointsReader.java,unknown,"The ""PointsReader"" class is a Java class that implements the ""Closeable"" interface. It is part of the Lucene library and is used to read point values. The class provides methods for checking the consistency of the reader, retrieving point values for a specific field, and getting an instance optimized for merging. The class also implements the ""Closeable"" interface, which means it provides a method for releasing any resources associated with the object."
33,PointsWriter.java,unknown,"The code provides an abstract API to write points. It includes an abstract class called ""PointsWriter"" that implements the ""Closeable"" interface. The ""PointsWriter"" class has a constructor and two methods: ""writeField"" and ""mergeOneField"". The ""writeField"" method is responsible for writing all values contained in the provided reader, while the ""mergeOneField"" method is a default implementation for merging one field. The ""merge"" method is a default merge implementation to merge incoming points readers by visiting all their points and adding to this writer. Finally, the ""finish"" method is called once at the end before close."
34,PostingsFormat.java,unknown,"This code defines a class called PostingsFormat that is used to encode and decode terms, postings, and proximity data. It also includes functionality to load and retrieve postings formats using Java's Service Provider Interface (SPI). The PostingsFormat class has the following key features: - It is an abstract class that defines the methods necessary to encode and decode terms, postings, and proximity data. - It includes a constructor that takes a name parameter, which is used to identify the format when reading the index. - It provides methods to write a new segment and read a segment, ensuring that any required files are open and not deleted during the process. - It uses Java's SPI to resolve format names and load implementations. - It includes methods to retrieve a format by name and to list all available format names. - It provides a method to reload the postings format list from a given ClassLoader. Overall, this code provides a flexible and extensible framework for encoding and decoding terms, postings, and proximity data in a Lucene index."
35,PostingsReaderBase.java,unknown,"The code provides functionality to manage the creation of Postings Enumerators and Postings by reading and verifying the header from the provided terms dictionary IndexInput. It also includes the logic to decode metadata for the next term and provide a newly created empty TermState. The code ensures that the TermState is fully consumed after use to allow for reuse. Additionally, it offers a method to check the consistency of the reader and close the resources."
36,PostingsWriterBase.java,unknown,"This code defines an abstract class `PostingsWriterBase` that handles writing postings to a term dictionary. It provides methods for initializing the output, writing a term and its postings, encoding metadata, and setting the current field for writing. The class also implements the `Closeable` interface to close the output stream. The class is part of the Lucene library and is used for indexing and searching text data. It is used by the `Lucene90BlockTreeTermsWriter` class to write postings for each term in the dictionary. The `writeTerm` method is responsible for writing all postings for a single term. It takes a `BytesRef` representing the term, a `TermsEnum` to iterate over the postings, a `FixedBitSet` to mark which documents contain the term, and a `NormsProducer` to access norms for the term. The method should set the bit in the `FixedBitSet` for every document ID written. If no documents were written, the method should return null, and the terms dictionary will skip the term. The `encodeTerm` method encodes metadata as a long array and a byte array. It takes a `DataOutput` to write the encoded metadata, a `FieldInfo` object representing the field being written, a `BlockTermState` object representing the state of the term being written, and a boolean flag indicating whether the current term is delta encoded relative to the previous term. The `setField` method sets the current field for writing. It takes a `FieldInfo` object representing the field being written. The `close` method closes the output stream. Overall, this class provides a framework for writing postings to a term dictionary, and is used by the Lucene library for indexing and searching text data."
37,SegmentInfoFormat.java,unknown,"The provided code is an abstract class named ""SegmentInfoFormat"" that is part of the Lucene library. It is used to control the format of the SegmentInfo file, which contains metadata about a segment in a Lucene index. The class has two abstract methods: ""read"" and ""write"". The ""read"" method is responsible for reading the SegmentInfo data from a directory, while the ""write"" method is used to write the SegmentInfo data to a directory. The ""read"" method takes four parameters: a Directory object, the name of the segment to read, an expected identifier for the segment, and an IOContext object. It returns a SegmentInfo object that has been populated with the data read from the directory. The ""write"" method takes three parameters: a Directory object, a SegmentInfo object, and an IOContext object. It writes the SegmentInfo data to the directory and adds the codec's SegmentInfo filename(s) to the SegmentInfo object before doing any I/O. The class also has a protected constructor, which means that it can only be instantiated by subclasses. The class is part of the Lucene library's codecs package, which provides classes for encoding and decoding data in different formats. Overall, the code provides a way to customize the format of the SegmentInfo file in a Lucene index, which can be useful for different purposes such as optimizing performance or ensuring data integrity."
38,SimpleTextBKDReader.java; SimpleTextBKDWriter.java; SimpleTextDocValuesFormat.java; SimpleTextDocValuesReader.java; SimpleTextDocValuesWriter.java; SimpleTextNormsFormat.java; SimpleTextPointsFormat.java; SimpleTextPointsReader.java; SimpleTextPointsWriter.java,unknown,"Here is a python program that can read the output of the SimpleTextPointsReader: ```python import os import struct class SimpleTextPointsReader: def __init__(self, filename): self.filename = filename self.fd = open(filename, ""rb"") self.index = self._read_index() def _read_index(self): index = {} while True: line = self.fd.readline().decode(""utf-8"").strip() if line == ""END"": break field, filename = line.split("":"") index[field] = filename return index def get_points(self, field): filename = self.index[field] with open(os.path.join(os.path.dirname(self.filename), filename), ""rb"") as fd: while True: line = fd.readline().decode(""utf-8"").strip() if line == ""END"": break doc_id, packed_value = line.split("":"") yield int(doc_id), packed_value def close(self): self.fd.close() if __name__ == ""__main__"": filename = ""points.txt"" reader = SimpleTextPointsReader(filename) for field in reader.index: print(f""Field: {field}"") for doc_id, packed_value in reader.get_points(field): print(f""Doc ID: {doc_id}, Packed Value: {packed_value}"") reader.close() ``` This program defines a class `SimpleTextPointsReader` that can read the output of the SimpleTextPointsReader. The constructor takes a filename as an argument and opens the file for reading. It then reads the index from the file and stores it in a dictionary. The `get_points` method takes a field name as an argument and returns an iterator that yields the doc ID and packed value for each point in the field. The `close` method closes the file. In the main block, we create a `SimpleTextPointsReader` object with the filename ""points.txt"" and iterate through each field in the index. For each field, we print the field name and then iterate through the points in the field, printing the doc ID and packed value for each point. Finally, we close the reader."
39,SimpleTextCodec.java; SimpleTextCompoundFormat.java; SimpleTextFieldInfosFormat.java; SimpleTextKnnVectorsFormat.java; SimpleTextKnnVectorsReader.java; SimpleTextKnnVectorsWriter.java; SimpleTextLiveDocsFormat.java,unknown,"The SimpleTextCompoundFormat class is a recreational implementation of a compound file format for the Lucene project. It provides functionality for reading and writing compound files, allowing access to individual files within the compound file. The class overrides the getCompoundReader and write methods to handle the reading and writing of compound files. Additionally, it contains helper methods for reading and writing text data, as well as constants for file extensions and header strings."
40,SimpleTextSegmentInfoFormat.java; SimpleTextStoredFieldsFormat.java; SimpleTextStoredFieldsReader.java; SimpleTextStoredFieldsWriter.java; SimpleTextTermVectorsFormat.java; SimpleTextTermVectorsReader.java; SimpleTextTermVectorsWriter.java,unknown,"Here's the Python translation of the provided Java code: ```python import os import re class SimpleTextStoredFieldsReader: def __init__(self, directory, segment_info, field_infos, io_context): self.field_infos = field_infos self.offsets = [] self.input_stream = directory.open_input( IndexFileNames.segment_file_name( segment_info.name, """", SimpleTextStoredFieldsWriter.FIELDS_EXTENSION), io_context) self.read_index(segment_info.max_doc) def read_index(self, size): input_stream = self.input_stream offsets = self.offsets offsets.append(input_stream.file_pointer) while True: line = input_stream.read_line() if line == SimpleTextStoredFieldsWriter.END: break doc_id = int(line) if doc_id < 0 or doc_id >= size: raise RuntimeError(""invalid docID: {} (resource={})"".format(doc_id, input_stream)) offsets.append(input_stream.file_pointer) def visit_document(self, doc_id, visitor): input_stream = self.input_stream offsets = self.offsets input_stream.seek(offsets[doc_id]) num_fields = int(input_stream.read_line()) for i in range(num_fields): line = input_stream.read_line() field_info = self.field_infos.field_info(int(line)) field_name = field_info.name field_type = field_info.get_type() if field_type.stored: if field_type.omit_norms(): input_stream.seek(input_stream.file_pointer + 1) num_terms = int(input_stream.read_line()) if num_terms > 0: if field_type.store_term_vector_positions(): input_stream.seek(input_stream.file_pointer + num_terms * 10) if field_type.store_term_vector_offsets(): input_stream.seek(input_stream.file_pointer + num_terms * 1"
41,SimpleTextUtil.java,unknown,"The provided code is a utility class for writing and reading text-based data in the Lucene framework. It provides methods for writing and reading text data to and from a DataOutput and DataInput, respectively. The code also includes functionality for calculating and verifying checksums, as well as converting BytesRef objects to and from string representations. The key functionality of the code is the ability to write and read text-based data, including handling escape characters and newline characters. The code also provides methods for calculating and verifying checksums, which can be used to ensure data integrity during reading and writing operations. Additionally, the code includes a method for converting BytesRef objects to string representations and vice versa. The core logic of the code involves iterating over the bytes of a given input or output and performing specific operations based on the content of the data. The code also includes error handling for cases where the input or output data is corrupt or invalid. The code has a dependency on the Lucene framework and utilizes various classes and interfaces from the Lucene library, such as DataOutput, DataInput, ChecksumIndexInput, IndexOutput, BytesRef, BytesRefBuilder, and StringHelper. The code can be used as a utility for writing and reading text-based data in the Lucene framework, and can be extended or modified to suit specific use cases or requirements."
42,StoredFieldsFormat.java,unknown,The `StoredFieldsFormat` class is used to control the format of stored fields in Lucene. It has two abstract methods `fieldsReader` and `fieldsWriter` that return `StoredFieldsReader` and `StoredFieldsWriter` respectively. These methods are used to load and write stored fields from a directory and a `SegmentInfo` object. The `StoredFieldsReader` and `StoredFieldsWriter` classes are used to read and write stored fields from a directory and a `SegmentInfo` object. The `StoredFieldsFormat` class is part of the `org.apache.lucene.codecs` package and is used to control the format of stored fields.
43,StoredFieldsReader.java,unknown,"The code provides an abstract class for reading stored fields in Lucene. It is part of the Lucene library and is used for reading stored fields from a document. The class implements the Closeable interface, which allows resources to be released when the object is no longer needed. It has a constructor that is called by subclasses and provides a method for visiting the stored fields of a document. It also provides a method for cloning the object, a method for checking the integrity of the reader, and a method for getting an instance optimized for merging. The class has dependencies on the StoredFieldVisitor class from the Lucene library, the Closeable interface from the Java standard library, and the IOException class from the Java standard library."
44,StoredFieldsWriter.java,unknown,"The code defines a class called ""StoredFieldsWriter"" that implements the functionality for writing stored fields in a Lucene index. It provides methods for writing stored fields of a document, such as ""startDocument()"" to indicate the start of a new document, ""writeField(FieldInfo, IndexableField)"" to write a single stored field, and ""finish(int)"" for verification/sanity-checks. Additionally, it includes a ""MergeVisitor"" class that can be used to merge stored fields from multiple readers. The code provides a way to write and merge stored fields in a Lucene index, which can be useful for storing additional information alongside the indexed documents."
45,TermStats.java,unknown,"This code defines a class called TermStats that holds per-term statistics. It has two fields, docFreq and totalTermFreq, which represent the number of documents that have at least one occurrence of the term and the total number of times the term occurs across all documents in the field, respectively. The class also has a constructor that takes these two values as parameters and assigns them to the corresponding fields."
46,TermVectorsFormat.java,unknown,"TermVectorsFormat is a Java class in the Apache Lucene library that is used to control the format of term vectors. It provides two abstract methods, vectorsReader and vectorsWriter, which are used to read and write term vectors, respectively. The vectorsReader method takes a Directory, SegmentInfo, FieldInfos, and IOContext as inputs and returns a TermVectorsReader object. The vectorsWriter method takes a Directory, SegmentInfo, and IOContext as inputs and returns a TermVectorsWriter object."
47,TermVectorsReader.java,unknown,"The TermVectorsReader class is an abstract class in the Lucene library that provides methods for reading term vectors from a document. It implements the Cloneable and Closeable interfaces. The class has methods for getting term vectors for a specific document, checking the consistency of the reader, and creating a clone of the TermVectorsReader. The class is part of the Lucene library, which is a high-performance, full-featured text search engine library."
48,TermVectorsWriter.java,unknown,"This code provides an API for writing term vectors. It includes methods for starting and finishing documents, starting and finishing fields, starting and finishing terms, adding positions, and finishing the term vectors. It also includes a method for merging term vectors from multiple readers. The code is part of the Lucene library and is intended for use in software engineering applications."
49,TermsIndexReaderBase.java,unknown,"The TermsIndexReaderBase class is an abstract class that provides the functionality to manage the terms index in a Lucene-based application. It implements the Closeable and Accountable interfaces. The class contains an inner class named FieldIndexEnum that is used to manage the terms index. The getFieldEnum method returns an instance of the FieldIndexEnum class, which provides methods to seek to the largest indexed term that is less than or equal to a given term, to retrieve the next indexed term, and to retrieve the term itself. It also provides methods to seek to a specific ordinal and to retrieve the ordinal of the current term. The supportsOrd method returns a boolean value indicating whether the implementation supports ordinals."
